continent,country,gdpPercap_1952,gdpPercap_1957,gdpPercap_1962,gdpPercap_1967,gdpPercap_1972,gdpPercap_1977,gdpPercap_1982,gdpPercap_1987,gdpPercap_1992,gdpPercap_1997,gdpPercap_2002,gdpPercap_2007,lifeExp_1952,lifeExp_1957,lifeExp_1962,lifeExp_1967,lifeExp_1972,lifeExp_1977,lifeExp_1982,lifeExp_1987,lifeExp_1992,lifeExp_1997,lifeExp_2002,lifeExp_2007,pop_1952,pop_1957,pop_1962,pop_1967,pop_1972,pop_1977,pop_1982,pop_1987,pop_1992,pop_1997,pop_2002,pop_2007
Oceania,Australia,10039.59564,10949.64959,12217.22686,14526.12465,16788.62948,18334.19751,19477.00928,21888.88903,23424.76683,26997.93657,30687.75473,34435.36744,69.12,70.33,70.93,71.1,71.93,73.49,74.74,76.32,77.56,78.83,80.37,81.235,8691212,9712569,10794968,11872264,13177000,14074100,15184200,16257249,17481977,18565243,19546792,20434176
Oceania,New Zealand,10556.57566,12247.39532,13175.678,14463.91893,16046.03728,16233.7177,17632.4104,19007.19129,18363.32494,21050.41377,23189.80135,25185.00911,69.39,70.26,71.24,71.52,71.89,72.22,73.84,74.32,76.33,77.55,79.11,80.204,1994794,2229407,2488550,2728150,2929100,3164900,3210650,3317166,3437674,3676187,3908037,4115771
